Date,Mutants ,Mutated Amino Acid ,Properties of Amino Acid,Amikacin,Kanamycin,Tobramycin,Neomycin
1/22/20,PMCSG7,,,1,1,1.3,0.9
1/29/20,PMCSG7 duplicate,,,1,1,1,0.7
2/5/20,PMCSG7 triplicate,,,1.2,1.2,1.4,1.1
19-Feb,PMCSG7 quadruplet,,,1.3,1.2,1.2,1.1
1/22/20,Ig_WT,A = Alanine (Ala),Aliphatic,0.6,0.6,0.6,0.6
1/29/20,Ig_WT duplicate,,,0.6,0.6,0.6,0.7
2/1/20,Ig_WT triplicate,,,0.6,0.6,0.6,0.6
2/5/20,Ig_WT quadruplet,,,0.6,0.6,0.6,0.6
2/19/20,Ig_WT 5th time,,,0.6,0.6,0.6,0.6
1/22/20,Ig_A42Y,Y = Tyrosine (Tye),Aromatic,0.6,0.6,0.6,0.6
1/29/20,Ig_A42Y duplicate,,,0.6,0.6,0.6,0.6
2/5/20,Ig_A42Y triplicate,,,0.6,0.6,0.6,0.6
2/21/20,Ig_A42Y quadruplet,,,0.6,0.6,0.6,0.6
1/22/20,Ig_A42L,L = Leucine (Leu),Aliphatic,0.6,0.6,0.6,0.6
1/29/20,Ig_A42L duplicate,,,0.7,0.6,0.6,0.7
2/21/20,Ig_A42L quadruplet,,,0.6,0.6,0.6,0.6
2/21/20,Ig_A42L quadruplet(extra of 13ug concentration plate made),,,,,,
1/23/20,Ig_A42N,N = Asparagine (Asn),Neutral,0.6,0.6,0.6,0.6
1/29/20,Ig_A42N duplicate,,,0.6,0.6,0.6,0.6
2/5/20,Ig_A42N triplicate,,,0.6,0.6,0.6,0.6
2/21/20,Ig_A42N quadruplet,,,0.6,0.6,0.6,0.6
1/23/20,Ig_A42V,V = Valine (Val),Aliphatic,0.6,0.6,0.6,0.6
1/29/20,Ig_A42V duplicate,,,0.6,0.6,0.6,0.6
2/5/20,Ig_A42V triplicate,,,0.6,0.6,0.6,0.6
2/21/20,Ig_A42V quadruplet,,,0.6,0.6,0.6,0.6
1/24/20,Ig_A42K,K = Lysine (Lys),Basic,0.6,0.6,0.6,0.6
1/30/20,Ig_A42K duplicate,,,0.6,0.6,0.6,0.6
2/21/20,Ig_A42K triplicate,,,0.6,0.6,0.6,0.6
1/24/20,Ig_A42D,D = Aspartic Acid (Asp),Acidic,0.6,0.6,0.6,0.6
1/30/20,Ig_A42D duplicate,,,0.6,0.6,0.6,0.6
2/21/20,Ig_A42D triplicate,,,0.6,0.6,0.6,0.6
1/24/20,Ig_A42M,M = Methionine (Met),Sulfur containing,0.6,0.6,0.6,0.6
1/30/20,Ig_A42M duplicate,,,0.6,0.6,0.6,0.6
2/21/20,Ig_A42M triplicate,,,0.6,0.6,0.6,0.6
1/24/20,Ig_A42C,C = Cysteine (Cys),Sulfur containing,0.6,0.6,0.6,0.6
1/30/20,Ig_A42C duplicate,,,0.6,0.6,0.6,0.6
2/21/20,Ig_A42C triplicate,,,0.6,0.6,0.6,0.6
1/25/20,Ig_A42F,F = Phenylalanine (Phe),Aromatic,0.6,0.6,0.6,0.6
1/31/20,Ig_A42F duplicate,,,0.6,0.6,0.6,0.6
2/21/20,Ig_A42F triplicate,,,0.6,0.6,0.6,0.6
1/25/20,Ig_A42E,E = Glutamic Acid (Glu),Acidic,0.6,0.6,0.6,0.6
1/31/20,Ig_A42E duplicate,,,0.6,0.6,0.6,0.6
2/21/20,Ig_A42E triplicate,,,0.6,0.6,0.6,0.6
1/25/20,Ig_A42P,P = Proline (Pro),Cyclic,0.7,1,0.7,1
1/31/20,Ig_A42P duplicate,,,0.7,0.6,0.6,0.7
2/21/20,Ig_A42P triplicate,,,0.7,0.7,0.7,0.6
1/25/20,Ig_A42Q,Q = Glutamine (Gln),Neutral,0.6,0.6,0.6,0.6
1/31/20,Ig_A42Q duplicate,,,0.6,0.6,0.6,0.6
2/21/20,Ig_A42Q triplicate,,,0.6,0.6,0.6,0.6
1/25/20,Ig_A42S,S = Serine (Ser),Neutral,0.6,0.6,0.6,0.6
1/31/20,Ig_A42S duplicate,,,0.6,0.6,0.6,0.6
2/21/20,Ig_A42S triplicate,,,0.6,0.6,0.6,0.6
1/25/20,Ig_A42G,G = Glycine (Gly),Aliphatic,0.6,0.6,0.6,0.6
1/31/20,Ig_A42G duplicate,,,0.6,0.6,0.6,0.6
2/21/20,Ig_A42G triplicate,,,0.6,0.6,0.6,0.6
2/1/20,Ig_A42T,T = Threonine (Thr),Neutral,0.6,0.6,0.6,0.6
2/6/20,Ig_A42T duplicate,,,0.6,0.6,0.6,0.6
2/21/20,Ig_A42T triplicate,,,0.6,0.6,0.6,0.6
2/1/20,Ig_A42H,H = Histidine (His),Basic,0.6,0.6,0.6,0.6
2/6/20,Ig_A42H duplicate,,,0.6,0.6,0.6,0.6
2/21/20,Ig_A42H triplicate,,,0.6,0.6,0.6,0.6
2/1/20,Ig_A42R,R = Arginine (Arg),Basic,0.6,0.6,0.6,0.6
2/6/20,Ig_A42R duplicate,,,0.6,0.6,0.6,0.6
2/21/20,Ig_A42R triplicate,,,0.6,0.6,0.6,0.6
2/1/20,Ig_A42W,W = Tryptophan (Trp),Aromatic,0.6,0.6,0.6,0.7
2/6/20,Ig_A42W duplicate,,,0.6,0.6,0.6,0.7
2/21/20,Ig_A42W triplicate,,,0.6,0.6,0.6,0.6
2/1/20,Ig_A42I,I = Isoleucine (Ile),Aliphatic,0.7,0.6,0.6,0.7
2/6/20,Ig_A42I duplicate,,,1.1,0.6,0.6,0.7
2/21/20,Ig_A42I triplicate,,,0.7,0.6,0.6,0.6